iotaid, islandname
"AF-001", "Agalega Islands",
"AF-002", "Amsterdam & St Paul Islands",
"AF-003", "Ascension Island",
"AF-004", "Canary Islands",
"AF-005", "Cape Verde - Leeward Islands (aka Sotavento)",
"AF-006", "Diego Garcia Island",
"AF-007", "Comoro Islands",
"AF-008", "Crozet Islands",
"AF-009", "Europa Island",
"AF-010", "Bioco (Fernando Poo) Island",
"AF-011", "Glorioso Islands",
"AF-012", "Juan de Nova",
"AF-013", "Madagascar",
"AF-014", "Madeira Archipelago",
"AF-015", "Saint Brandon Islands",
"AF-016", "Reunion Island",
"AF-017", "Rodrigues Island",
"AF-018", "Pantelleria Island",
"AF-019", "Pelagie Islands",
"AF-020", "Bijagos Archipelago",
"AF-021", "Prince Edward and Marion Islands",
"AF-022", "St Helena Island",
"AF-023", "Sao Tome Island",
"AF-024", "Seychelles - Inner Islands",
"AF-025", "Aldabra Islands",
"AF-026", "Cosmoledo Islands",
"AF-027", "Mayotte Island",
"AF-028", "Socotra",
"AF-029", "Tristan da Cunha Islands",
"AF-030", "Gough Island",
"AF-031", "Tromelin Island",
"AF-032", "Zanzibar Island",
"AF-033", "Amirante Islands",
"AF-035", "Farquhar Islands",
"AF-036", "Chafarinas Islands",
"AF-037", "Sierra Leone Northern/Western Province Group",
"AF-038", "Dahlak Archipelago",
"AF-039", "Annobon (Pagalu) Island",
"AF-040", "Kenya Coast Province North Group",
"AF-041", "Egmont Group",
"AF-042", "Alboran Island",
"AF-043", "Gabon Estuaire Province Group",
"AF-044", "Principe Island",
"AF-045", "Senegal North Group",
"AF-046", "Desertas Islands",
"AF-047", "Selvagens Islands",
"AF-048", "Kerguelen Islands",
"AF-049", "Mauritius Island",
"AF-050", "Dakhlet Nouadhibou / Inchiri Region Group",
"AF-051", "Guinee-Maritime Province South Group",
"AF-052", "Indian Ocean Coast South",
"AF-053", "Gulf of Tadjoura Group",
"AF-054", "Mafia Island",
"AF-056", "Sierra Leone Southern Province Group",
"AF-057", "Madagascar's Coastal Islands West",
"AF-058", "Salomon Group",
"AF-059", "Strait of Mandab Group",
"AF-060", "The Gambia Group",
"AF-061", "Cabo Delgado District Group",
"AF-062", "Suakin Archipelago",
"AF-063", "Pemba Island",
"AF-064", "Western Cape Province South West Group",
"AF-065", "Safi / Essaouira / Agadir Region Group",
"AF-066", "Gaza / Maputo District Group",
"AF-067", "Coast Province South Group",
"AF-068", "Western Sahara South Group",
"AF-069", "Alhucemas Island",
"AF-070", "Karas Region Group",
"AF-072", "Inhambane District Group",
"AF-073", "Sfax Region Group",
"AF-074", "Lindi / Mtwara Region Group",
"AF-075", "Dar Es Salaam / Pwani Region Group",
"AF-076", "Bayelsa / Rivers / Akwa Ibom etc States Group",
"AF-077", "Western Cape Province South Group",
"AF-078", "Senegal South Group",
"AF-079", "Eastern Cape Province Group",
"AF-080", "Red Sea Coast North Group",
"AF-081", "Red Sea Coast South Group",
"AF-082", "Rio Muni Province Group",
"AF-083", "Gabes / Medenine Region Group",
"AF-084", "Ghana Group",
"AF-085", "Western Cape Province North West Group",
"AF-086", "Cape Verde - Windward Islands (aka Barlavento)",
"AF-087", "Tanga Region Group",
"AF-088", "Nampula District Group",
"AF-089", "Ogooue-Maritime Province Group",
"AF-090", "Madagascar's Coastal Islands East",
"AF-091", "Jendouba / Bizerte / Tunis / Nabeul Reg Group",
"AF-092", "Sousse / Monastir / Mahdia Region Group",
"AF-093", "Guinea-Bissau Coastal Region Group",
"AF-094", "Mediterranean Sea Coast West Group",
"AF-095", "Cameroon Group",
"AF-096", "Guinee-Maritime Province North Group",
"AF-097", "Mediterranean Sea Coast Centre Group",
"AF-098", "Sofala District Group",
"AF-099", "Matruh Region Group",
"AF-100", "Bas-Congo Province Group",
"AF-101", "Red Sea Coast North Group",
"AF-102", "Erongo / Hardap Region Group",
"AF-103", "Zambezia District Group",
"AF-104", "Mediterranean Sea Coast East Group",
"AF-105", "Nyanga Province Group",
"AF-106", "Cote d'Ivoire Group",
"AF-107", "Cuanza Sul / Benguela Province Group",
"AF-108", "Namibe Province Group",
"AF-109", "Nile Delta and Sinai Region Group",
"AF-110", "Red Sea Coast South Group",
"AF-111", "Liberia Group",
"AF-112", "Mediterranean Sea Coast Centre Group",
"AF-113", "Mediterranean Sea Coast East Group",
"AF-114", "Halaib Triangle Group",
"AF-115", "Red Sea State Group",
"AF-116", "Gulf of Aden West Group",
"AF-117", "Gulf of Aden East Group",
"AF-118", "Los Farallones and Jaegerschmidt",
"AF-119", "Coetivy Island",
"AN-001", "Graham Land West (Adelaide Island) group",
"AN-002", "Bouvet Island",
"AN-003", "Heard Island",
"AN-004", "Peter 1 Island",
"AN-005", "Macquarie Island",
"AN-006", "Graham Land West (Biscoe Islands) group",
"AN-007", "South Georgia Island",
"AN-008", "South Orkney Islands",
"AN-009", "South Sandwich Islands",
"AN-010", "South Shetland Islands",
"AN-011", "Ross Island group",
"AN-012", "Graham Land West (Palmer Archipelago) group",
"AN-013", "Trinity Peninsula group",
"AN-014", "Berkner Island",
"AN-015", "Queen Maud Land (Prince Harald etc) group",
"AN-016", "Antartica",
"AN-017", "Adelie Land",
"AN-018", "Palmer Land West (aka Alexander Island)",
"AN-019", "Balleny Islands",
"AN-020", "Scott Island",
"AN-021", "Shag Rocks",
"AS-001", "Andaman Islands",
"AS-002", "Bahrain Island",
"AS-003", "Sri Lanka Island",
"AS-004", "Cyprus Island",
"AS-005", "Kara Sea Coast West group",
"AS-006", "Hong Kong group",
"AS-007", "Honshu Island",
"AS-008", "North Izu Islands",
"AS-009", "Red Sea Coast group",
"AS-010", "Zufar Region group",
"AS-011", "Laccadive Islands",
"AS-012", "Kyushu's Coastal Islands",
"AS-013", "Maldive Islands",
"AS-014", "Ash Sharqiyah / Al Wusta Region group",
"AS-015", "Pinang State group",
"AS-016", "Gulf of Aden West group",
"AS-017", "Okinawa Islands",
"AS-018", "Sakhalin Island",
"AS-019", "Singapore Island",
"AS-020", "Taiwan Island",
"AS-021", "Trucial Coast group",
"AS-022", "Medvezh'i Islands (aka Bear Islands)",
"AS-023", "Amami Islands",
"AS-024", "Yaeyama Islands",
"AS-025", "Kuril'skiye (Kuril) Islands",
"AS-026", "Cheju-do Province (Cheju Island) group",
"AS-027", "Vrangelya (Wrangel) Island",
"AS-028", "Anzhu Islands",
"AS-029", "Lyakhovskiye Islands",
"AS-030", "Kazan (Volcano) Islands",
"AS-031", "Chichijima / Mukojima / Hahajima Islands (aka Bonin Islands Ogasawara)",
"AS-032", "Osumi Islands",
"AS-033", "Nicobar Islands",
"AS-036", "Iki / Tsushima Islands",
"AS-037", "Koshikijima Islands",
"AS-038", "East Siberian Sea Coast group",
"AS-039", "Komandorskiye (Commander) Islands",
"AS-040", "Goto Islands",
"AS-041", "Oki Islands",
"AS-042", "Severnaya Zemlya (North Land)",
"AS-043", "South Izu Islands",
"AS-044", "Sea of Okhotsk Coast Centre group",
"AS-045", "Kyongsang-bukto Prov (Ullung Island) group",
"AS-046", "Pahang / Johor State East group",
"AS-047", "Daito Islands",
"AS-048", "De Longa Islands",
"AS-049", "Tokara Islands",
"AS-050", "Sergeya Kirova Islands",
"AS-051", "Spratly Islands",
"AS-053", "Malay Peninsula West group",
"AS-054", "Laptev Sea Coast West group",
"AS-055", "Vize Island",
"AS-056", "Danjo Islands",
"AS-057", "Uyedineniya Island",
"AS-058", "Perlis / Kedah State group",
"AS-059", "Sea of Okhotsk Coast group",
"AS-060", "Cholla-namdo Province group",
"AS-061", "Ratmanova (Big Diomede) Island",
"AS-062", "Habomai Islands",
"AS-063", "Laptev Sea Coast East group",
"AS-064", "Bering Sea Coast group",
"AS-065", "Chukchi Sea Coast East group",
"AS-066", "Sea of Japan Coast group",
"AS-067", "Uji & Kusagaki Islands",
"AS-068", "Kara Sea Coast Centre group",
"AS-069", "Iony Island",
"AS-070", "East Siberian Sea Coast East group",
"AS-071", "Bering Sea Coast North group",
"AS-072", "Perak State group",
"AS-073", "Kelantan / Terengganu State group",
"AS-074", "Selangor / Negeri Sembilan State group",
"AS-075", "Macau group",
"AS-076", "Shikoku Island",
"AS-077", "Kyushu Island",
"AS-078", "Hokkaido Island",
"AS-079", "Miyako Islands",
"AS-080", "Ch'ungch'ong-namdo Province group",
"AS-081", "Kyongsang-bukto / Kyongsang-namdo Province group",
"AS-082", "Laptev Sea Coast Centre group",
"AS-083", "Kara Sea Coast East group",
"AS-084", "Cheju-do Province (Ch'uja Islands) group",
"AS-085", "Cholla-namdo Province (Soan Islands) group",
"AS-086", "Izvestiy TS.I.K Islands",
"AS-087", "Arkticheskogo Instituta Islands",
"AS-088", "Qatar group",
"AS-089", "Kara Sea Coast West group",
"AS-090", "Kyonggi-do Province (Tokchok Islands) group",
"AS-091", "Shelikhova Bay group",
"AS-092", "Bering Sea Coast South group",
"AS-093", "Cholla-namdo Province (Huksan Islands) group",
"AS-094", "Hainan Province (Hainan Island) group",
"AS-095", "Bering Sea Coast group",
"AS-096", "Karnataka State group",
"AS-097", "Melaka / Johor State West group",
"AS-098", "Aydin / Mugla Province group",
"AS-099", "Canakkale / Balikesir / Izmir Province group",
"AS-100", "Israel group",
"AS-101", "Malay Peninsula East group",
"AS-102", "Kinmen (Quemoy) Island",
"AS-103", "P'enghu (Pescadores) Islands",
"AS-104", "Kara Sea Coast East group",
"AS-105", "Kyonggi-do Province group",
"AS-106", "Minicoy Island",
"AS-107", "Gulf of Thailand North group",
"AS-108", "Lebanon group",
"AS-109", "Obskaya Gulf group",
"AS-110", "Tungsha (Pratas) Island",
"AS-111", "The Gulf group",
"AS-112", "Al Batinah / Masqat Region group",
"AS-113", "Matsu Islands",
"AS-114", "Sea of Okhotsk Coast South group",
"AS-115", "Antalya Province group",
"AS-116", "Huang Yan Island (Scarborough Reef)",
"AS-117", "Honshu's Coastal Islands",
"AS-118", "Kuwait group",
"AS-119", "Musandam Region group",
"AS-120", "Cyprus's Coastal Islands",
"AS-121", "Nordenshel'da Archipelago",
"AS-122", "Kyonggi-do Province West group",
"AS-123", "Icel / Adana / Hatay Province group",
"AS-124", "Gulf of Oman group",
"AS-125", "Gulf of Thailand North East group",
"AS-126", "Malay Peninsula South West group",
"AS-127", "Chittagong Region group",
"AS-128", "Gulf of Thailand group",
"AS-129", "Guangdong Province East group",
"AS-130", "South China Sea Coast South group",
"AS-131", "Guangdong Province West group",
"AS-132", "Gulf of Tongking North group",
"AS-133", "Cambodia group",
"AS-134", "Hebei / Tianjin Province group",
"AS-135", "Jiangsu Province group",
"AS-136", "Shanghai Province group",
"AS-137", "Zhejiang Province North group",
"AS-138", "Fujian Province group",
"AS-139", "Guangxi Autonomous Region group",
"AS-140", "Khulna / Barisal Region group",
"AS-141", "Zhejiang Province South group",
"AS-142", "Sea of Okhotsk Coast group",
"AS-143", "Hainan Province (Xisha Islands) group (aka Paracel Islands)",
"AS-144", "Tenasserim Region South group",
"AS-145", "Malay Peninsula South East group",
"AS-146", "Shandong Province North East group",
"AS-147", "Hokkaido's Coastal Islands",
"AS-148", "Cholla-bukto Province group",
"AS-149", "Sakhalin's Coastal Islands",
"AS-150", "Shandong Province South group",
"AS-151", "Liaoning Province West group",
"AS-152", "Laptev Sea Coast West group",
"AS-153", "West Bengal State group",
"AS-154", "Black Sea Coast East group",
"AS-155", "Taiwan's Coastal Islands",
"AS-156", "Ushakova Island",
"AS-157", "South China Sea Coast Centre group",
"AS-158", "Liaoning Province East group",
"AS-159", "Black Sea Coast West group",
"AS-160", "Shandong Province North West group",
"AS-161", "Kerala State group",
"AS-162", "South China Sea Coast North group",
"AS-163", "Laptev Sea Coast East group",
"AS-164", "East Siberian Sea Coast West group",
"AS-165", "Arakan Region group",
"AS-166", "Hormozgan Province group",
"AS-167", "Irrawaddy / Yangon / Pegu Region group",
"AS-168", "Kangwon-do Province group",
"AS-169", "Maharashtra State group",
"AS-170", "Shelikhova Bay group",
"AS-171", "Sri Lanka's Coastal Islands",
"AS-172", "Sea of Okhotsk Coast North group",
"AS-173", "Tamil Nadu State group",
"AS-174", "Chukchi Sea Coast West group",
"AS-175", "Gujarat State West group",
"AS-176", "Gujarat State East group",
"AS-177", "Goa State group",
"AS-178", "Andhra Pradesh State North group",
"AS-179", "Orissa State group",
"AS-180", "Balochistan Province group",
"AS-181", "Sindh Province group",
"AS-182", "Mon Region group",
"AS-183", "Tenasserim Region North group",
"AS-184", "Preparis Channel group",
"AS-185", "Gulf of Tongking South group",
"AS-186", "Syria group",
"AS-187", "Gulf of Aden East group",
"AS-188", "Khuzestan Province group",
"AS-189", "Bushehr Province group",
"AS-190", "Red Sea Coast North (Tabuk Province) group",
"AS-191", "Red Sea Coast Centre (Al Madinah / Makkah Province) group",
"AS-192", "Red Sea Coast South (Jizan Province) group",
"AS-193", "Farasan Islands",
"AS-194", "Senkaku Islands",
"AS-195", "P'yongan-Bukto / P'yongan-Namdo Province group",
"AS-196", "Nam'p'o-si / Hwanghae-Namdo Province group",
"AS-197", "Hamgyong-Bukto / Hamgyong-Namdo Province group",
"AS-198", "Kangwon-do Province group",
"AS-199", "Andhra Pradesh State South group",
"AS-200", "Shikoku Coastal Islands",
"AS-201", "Sea of Marmara Isl.",
"AS-202", "Hawar Isl.",
"AS-203", "Sea of Okhotsk Coast group (Shelikhova Bay group)",
"EU-001", "Dodecanese",
"EU-002", "Aland Islands",
"EU-003", "Eastern Azores group",
"EU-004", "Balearic Islands",
"EU-005", "Great Britain",
"EU-006", "Aran Islands",
"EU-007", "Blasket Islands",
"EU-008", "Inner Hebrides",
"EU-009", "Orkney",
"EU-010", "Outer Hebrides (aka Western Isles)",
"EU-011", "Isles of Scilly",
"EU-012", "Shetland and Fair Isle",
"EU-013", "Jersey",
"EU-014", "Corsica Island",
"EU-015", "Crete Island",
"EU-016", "Dalmatia South group",
"EU-017", "Eolie Islands (aka Lipari Islands)",
"EU-018", "Faroe Islands",
"EU-019", "Franz Josef Land",
"EU-020", "Gotland County (Gotland Island) group",
"EU-021", "Iceland",
"EU-022", "Jan Mayen Island",
"EU-023", "Malta group",
"EU-024", "Sardinia Island",
"EU-025", "Sicily Island",
"EU-026", "Spitsbergen Island (aka Svalbard Island)",
"EU-027", "Bear Island (aka Bjornoya)",
"EU-028", "Toscana (Tuscany) Region group",
"EU-029", "Sjaelland Archipelago",
"EU-030", "Bornholm Island",
"EU-031", "Campania Region group",
"EU-032", "Poitou-Charentes Region group",
"EU-033", "Vesteralen Islands",
"EU-034", "Hiiumaa / Saaremaa / Laanemaa County group",
"EU-035", "Novaya Zemlya",
"EU-036", "Sor-Trondelag / More og Romsdal County North group",
"EU-037", "Kalmar County group",
"EU-038", "Noord Holland / Friesland / Groningen Province group",
"EU-039", "Chausey Islands",
"EU-040", "Estremadura Province group",
"EU-041", "Maddalena Archipelago",
"EU-042", "Schleswig-Holstein State North West group",
"EU-043", "Goteborg och Bohus / Halland County group",
"EU-044", "Finnmark County West group",
"EU-045", "Lazio Region group",
"EU-046", "Troms County group",
"EU-047", "Niedersachsen State group",
"EU-048", "Bretagne (Morbihan) Region group",
"EU-049", "North Aegean Islands (Voreio Aigaio)",
"EU-050", "Puglia (Foggia) Region group",
"EU-051", "Ustica Island",
"EU-052", "Ipeiros / Dytiki Ellas Region group",
"EU-053", "Market Reef",
"EU-054", "Egadi Islands",
"EU-055", "Sogn og Fjordane / Hordaland / Rogaland County group",
"EU-056", "More og Romsdal County Centre group",
"EU-057", "Mecklenburg-Vorpommern State group",
"EU-058", "Provence-Cote d'Azur (Alpes Maritimes) Region group",
"EU-059", "St Kilda",
"EU-060", "Sterea Ellas Region group",
"EU-061", "Vest Agder to Ostfold County group",
"EU-062", "Nordland / Nord-Trondelag County group",
"EU-063", "Spitsbergen's Coastal Islands (aka Svalbard's Coastal Islands)",
"EU-064", "Pays de la Loire Region group",
"EU-065", "Bretagne (Finistere North West) Region group",
"EU-066", "Solovetskiye Islands",
"EU-067", "Kyklades (Cyclades)",
"EU-068", "Bretagne (Finistere South West) Region group",
"EU-069", "Columbretes Islands",
"EU-070", "Provence-Cote d'Azur (Var) Region group",
"EU-071", "Vestmannaeyjay (Westman Islands)",
"EU-072", "Thessalia Region group",
"EU-073", "Puglia (Taranto) Region group",
"EU-074", "Bretagne (Cotes-d'Armor Centre) Region group",
"EU-075", "Peloponnisos (Argolis) / Attiki Region group",
"EU-076", "Lofoten Islands",
"EU-077", "La Coruna / Lugo Province group",
"EU-078", "Gerona Province group",
"EU-079", "More og Romsdal County South group",
"EU-080", "Pontevedra Province group",
"EU-081", "Basse-Normandie (Manche East) Region group",
"EU-082", "Barents Sea Coast West group",
"EU-083", "Liguria Region group",
"EU-084", "Uppsala / Stockholm County group",
"EU-085", "Kolguev Island",
"EU-086", "Pechorskoye Sea Coast East group",
"EU-087", "Vasternorrland County group",
"EU-088", "Kattegat group",
"EU-089", "Western Azores group",
"EU-090", "Palagruza Islands",
"EU-091", "Puglia (Lecce / Brindisi / Bari) Region group",
"EU-092", "Summer Isles",
"EU-093", "Alicante / Murcia Province group",
"EU-094", "Bretagne (Finistere South) Region group",
"EU-095", "Provence-Cote d'Azur (Bouches du Rhone) Region group",
"EU-096", "Lansi-Suomi (Turku) Province group",
"EU-097", "Etela-Suomi (Uusimaa) Province group",
"EU-099", "Les Minquiers Islands",
"EU-100", "Cerbicales Islands",
"EU-101", "Lansi-Suomi (Vaasa) Province group",
"EU-102", "Pechorskoye Sea Coast Centre group",
"EU-103", "Saltee Islands",
"EU-104", "Sanguinaires Islands",
"EU-105", "Bretagne (Finistere North) Region group",
"EU-106", "St Tudwal's Islands",
"EU-107", "Bretagne (Cotes-d'Armor West) Region group",
"EU-108", "Treshnish Isles",
"EU-109", "Farne Islands",
"EU-110", "Istra group",
"EU-111", "Monach Islands",
"EU-112", "Shiant Islands",
"EU-113", "Peloponnisos (Lakonia) / Kythira Region group",
"EU-114", "Guernsey group",
"EU-115", "Ireland (Ireland / Northern Ireland)",
"EU-116", "Isle of Man",
"EU-117", "Malyy Vysotskiy Island",
"EU-118", "Flannan Isles",
"EU-119", "White Sea Coast East group",
"EU-120", "English Coastal Islands",
"EU-121", "Irish Coastal Islands",
"EU-122", "Northern Irish Coastal Islands",
"EU-123", "Scottish Coastal Islands",
"EU-124", "Welsh Coastal Islands",
"EU-125", "Jylland West group",
"EU-126", "Lappi Province group",
"EU-127", "Schleswig-Holstein State South West group",
"EU-128", "Schleswig-Holstein State East group",
"EU-129", "Usedom Island (aka Uznam Island)",
"EU-130", "Friuli-Venezia Giulia Region group",
"EU-131", "Veneto Region group",
"EU-132", "Szczecin / Koszalin Province group",
"EU-133", "Gulf of Finland group",
"EU-134", "Bilbao / San Sebastian (Basque Country) Province group",
"EU-135", "Vasterbotten County group",
"EU-136", "Kvarner group",
"EU-137", "Skane County group",
"EU-138", "Blekinge County group",
"EU-139", "Norrbotten County group",
"EU-140", "Etela-Suomi (Kymi) Province group",
"EU-141", "Finnmark County East group",
"EU-142", "Oviedo / Santander Province group",
"EU-143", "Cadiz / Huelva Province group",
"EU-144", "Calabria / Basilicata region group",
"EU-145", "Algarve Province group",
"EU-146", "Zuid Holland / Zeeland Province group",
"EU-147", "White Sea Coast group",
"EU-148", "Languedoc-Roussillon Region group",
"EU-149", "Tallinn & Harjumaa / Virumaa County group",
"EU-150", "Minho / Douro Litoral / Beira Litoral Province group",
"EU-151", "Castellon / Valencia Province group",
"EU-152", "Almeria / Grande / Malaga Province group",
"EU-153", "White Sea Coast West group",
"EU-155", "Emilia Romagna Region group",
"EU-156", "Basse-Normandie (Manche West) Region group",
"EU-157", "Bretagne (Cotes-d'Armor East / Ille et Vilaine) Region group",
"EU-158", "Peloponnisos (Messinia) Region group",
"EU-159", "Aquitaine Region group",
"EU-160", "Barents Sea Coast group",
"EU-161", "Barents Sea Coast East group",
"EU-162", "White Sea Coast group",
"EU-163", "Montenegro group (aka Crna Gora group)",
"EU-164", "Corsica's Coastal Islands",
"EU-165", "Sardinia's Coastal Islands",
"EU-166", "Sicily's Coastal Islands",
"EU-167", "Baixo Alentejo Province group",
"EU-168", "Iceland's Coastal Islands",
"EU-169", "Albania group",
"EU-170", "Dalmatia North group",
"EU-171", "Jylland North group",
"EU-172", "Jylland East and Fyn group",
"EU-173", "Lansi-Suomi (Pori) Province group",
"EU-174", "Makedonia / Thraki Region group",
"EU-175", "Central Azores group",
"EU-176", "Gavleborg County group",
"EU-177", "Sodermanland / Ostergotland County group",
"EU-178", "Parnumaa County / Saaremaa County South group",
"EU-179", "Black Sea Coast group",
"EU-180", "Black Sea Coast group",
"EU-181", "Bulgaria group",
"EU-182", "Black Sea Coast group",
"EU-183", "Romania group",
"EU-184", "Oulu Province group",
"EU-185", "Black Sea Coast group",
"EU-186", "Turkey group",
"EU-187", "Crete's Coastal Islands",
"EU-188", "Pechorskoye Sea Coast West group",
"EU-189", "Isle of Rockall",
"EU-190", "Viktoriya Isl.",
"EU-191", "Fericirii Isl",
"NA-001", "Great Bahama Bank group",
"NA-002", "Caicos Islands",
"NA-003", "Turks Islands",
"NA-004", "North Slope County Centre group",
"NA-005", "Bermuda Islands",
"NA-006", "Nunavut (Victoria Island) group",
"NA-007", "Nunavut (Southampton Island) group",
"NA-008", "Nunavut (Ellesmere Island) group",
"NA-009", "Nunavut (Parry Islands) group",
"NA-010", "Nova Scotia Province (Cape Breton Island) group",
"NA-011", "Clipperton Island",
"NA-012", "Coco's Island",
"NA-013", "Caribbean Sea Coast Centre group",
"NA-014", "New Brunswick Province South group",
"NA-015", "Cuba (main island and coastal islands not qualifying for other groups)",
"NA-016", "Cayman Islands",
"NA-017", "Baja California State South West group",
"NA-018", "Greenland (main island and coastal islands not qualifying for other groups)",
"NA-019", "Kodiak group",
"NA-020", "Aves Island",
"NA-021", "Barbados",
"NA-022", "Anguilla",
"NA-023", "British Virgin Islands",
"NA-024", "Grenada",
"NA-025", "The Grenadines",
"NA-026", "New York State group",
"NA-027", "Newfoundland Island (main island and coastal islands not qualifying for other groups)",
"NA-028", "Pribilof Islands",
"NA-029", "Prince Edward Island (include satellite islands)",
"NA-030", "Revilla Gigedo Islands",
"NA-031", "Rhode Island State group",
"NA-032", "St Pierre and Miquelon Islands",
"NA-033", "San Andres Island",
"NA-034", "Florida State Centre West (Pasco to Sarasota County) group",
"NA-035", "Santanilla Islands (aka Swan Islands Cisne Islands)",
"NA-036", "British Columbia Province (Vancouver Island) group",
"NA-037", "Near Islands (Semichi Islands) group",
"NA-038", "Quebec Province (La Madeleine Islands) group",
"NA-039", "Andreanof Islands",
"NA-040", "St Lawrence Island",
"NA-041", "Alexander Archipelago",
"NA-042", "Valdez Cordova County West group",
"NA-043", "Nunavut (Sverdrup Islands) group",
"NA-044", "Newfoundland Province (Labrador) South group",
"NA-045", "Quintana Roo State North group",
"NA-046", "Massachusetts State South (Bristol to Barnstable County) group",
"NA-047", "Nunavut (Baffin Island) group",
"NA-048", "Bimini Islands",
"NA-049", "Providencia Island (include Santa Catalina)",
"NA-050", "North Slope County East group",
"NA-051", "British Columbia Province (Queen Charlotte Islands) group",
"NA-052", "Florida State South West (Collier / Monroe County) group",
"NA-053", "Trinity Islands",
"NA-054", "Berry Islands",
"NA-055", "Maine State East (Knox to Washington County) group",
"NA-056", "La Juventud Island",
"NA-057", "Bahia Islands",
"NA-058", "Georgia State group",
"NA-059", "Fox Islands",
"NA-060", "Valle / Choluteca Department group",
"NA-061", "British Columbia Province North group",
"NA-062", "Florida State (Florida Keys) group",
"NA-063", "Sable Island",
"NA-064", "Near Islands (Agattu and Attu) group",
"NA-065", "Washington State North group",
"NA-066", "California State South (Orange / San Diego County) group",
"NA-067", "North Carolina State East (Carteret to Currituck County) group",
"NA-068", "New Brunswick Province North group",
"NA-069", "Florida State South West (Charlotte / Lee County) group",
"NA-070", "Rat Islands",
"NA-071", "Chiriqui / Veraguas South Province group",
"NA-072", "Panama / Darien Province group",
"NA-073", "Corozal / Belize District group",
"NA-074", "Nunivak Island",
"NA-075", "British Columbia Province (Gulf Islands) group",
"NA-076", "Florida State North West (Jefferson to Hernando County) group",
"NA-077", "Quebec Province (Anticosti Island) group",
"NA-078", "Baja California Sur State South West group",
"NA-079", "Florida State (Dry Tortugas Islands) group",
"NA-080", "Little Bahama Bank group",
"NA-081", "Nova Scotia Province East group",
"NA-082", "Mississippi State group",
"NA-083", "Virginia State group",
"NA-084", "Quebec Province (St Lawrence Gulf) East group",
"NA-085", "Florida State North West (Bay to Wakulla County) group",
"NA-086", "Ciego de Avila / Camaguey Province North group",
"NA-087", "Shumagin Islands",
"NA-088", "Bocas del Toro Province group",
"NA-089", "Louisiana State East (St Bernard Parish) group",
"NA-090", "Quintana Roo State Centre group",
"NA-091", "British Columbia Province South group",
"NA-092", "Texas State West (Cameron to Calhoun County) group",
"NA-093", "Pinar del Rio / La Habana Province group",
"NA-094", "St Paul Island",
"NA-095", "Desecheo Island",
"NA-096", "Hispaniola",
"NA-097", "Jamaica",
"NA-098", "Navassa Island",
"NA-099", "Puerto Rico",
"NA-100", "Antigua and Barbuda",
"NA-101", "Dominica",
"NA-102", "Guadeloupe",
"NA-103", "Montserrat",
"NA-104", "St Kitts and Nevis",
"NA-105", "Sint Maarten",
"NA-106", "Virgin Islands",
"NA-107", "Martinique",
"NA-108", "St Lucia",
"NA-109", "St Vincent",
"NA-110", "South Carolina State group",
"NA-111", "New Jersey State group",
"NA-112", "North Carolina State West (Brunswick to Carteret County) group",
"NA-113", "South Bahamas group",
"NA-114", "Les Saintes Islands",
"NA-115", "Clarion Island",
"NA-116", "Puntarenas Province West group",
"NA-117", "Puntarenas Province East group",
"NA-118", "British Columbia Province (Dundas Islands) group",
"NA-119", "Louisiana State Centre (Terrebonne Parish) group",
"NA-120", "Louisiana State West (Cameron to St Mary Parish) group",
"NA-121", "Dillingham / Bristol Bay County group",
"NA-122", "Dominican Republic's Coastal Islands",
"NA-123", "Turneffe Islands",
"NA-124", "Baja California Sur State South East group",
"NA-125", "Quebec Province (St Lawrence Gulf) West group",
"NA-126", "Nova Scotia Province South group",
"NA-127", "Nova Scotia Province West group",
"NA-128", "Quebec Province (St Lawrence Waterway) group",
"NA-129", "Nunavut (Banks Island) group",
"NA-130", "Nunavut (Baffin's Coastal Islands) East group",
"NA-131", "Nunavut (Kitikmeot Region) East Centre group",
"NA-132", "Bajo Nuevo and Serranilla Bank Cays",
"NA-133", "Serrana Bank and Roncador Cays",
"NA-134", "Greenland's Coastal Islands North West",
"NA-135", "Campeche State group",
"NA-136", "Connecticut State group",
"NA-137", "Maine State West (York to Knox County) group",
"NA-138", "Florida State North East (Brevard to Nassau County) group",
"NA-139", "Maryland State East group",
"NA-140", "Maryland State West group",
"NA-141", "Florida State South East (Dade to Indian River County) group",
"NA-142", "Florida State North West (Escambia to Walton County) group",
"NA-143", "Texas State East (Matagorda to Jefferson County) group",
"NA-144", "California State South (Santa Barbara to Los Angeles County) group",
"NA-145", "Sint Eustatius",
"NA-146", "St Barthelemy Island",
"NA-147", "The Grenadines",
"NA-148", "Massachusetts State North (Barnstable to Essex County) group",
"NA-149", "Haiti's Coastal Islands",
"NA-150", "Little Diomede Island",
"NA-151", "Greenland's Coastal Islands South East",
"NA-152", "Nome County North group",
"NA-153", "Yucatan State group",
"NA-154", "Nova Scotia Province North group",
"NA-155", "Limon Province group",
"NA-156", "Nunavut (Hudson Bay - Quebec Coast) North West group",
"NA-157", "Valdez Cordova County East group",
"NA-158", "Kenai - Cook Inlet group",
"NA-159", "Nunavut (King George Islands) group",
"NA-160", "Cortes / Atlantida / Colon Department group",
"NA-161", "Skagway - Yakutat County group",
"NA-162", "Baja California State North West group",
"NA-163", "Baja California State East group",
"NA-164", "Baja California Sur State North West group",
"NA-165", "Baja California Sur State North East group",
"NA-166", "Sonora State South group",
"NA-167", "Sonora State North group",
"NA-168", "Louisiana State South East (Lafourche to Plaquemines Parish) group",
"NA-169", "Washington State West group",
"NA-170", "San Blas Province group",
"NA-171", "Sinaloa State group",
"NA-172", "North Slope County North group",
"NA-173", "Nunavut (Hudson Bay - Quebec Coast) South group",
"NA-174", "Nunavut (Foxe Basin) group",
"NA-175", "Nunavut (Kitikmeot Region) West Centre group",
"NA-176", "Quebec Province (St Lawrence Gulf) Centre group",
"NA-177", "Quebec Province (Gaspe Peninsula) group",
"NA-178", "California State Centre (Sonoma to Santa Cruz County) group",
"NA-179", "Guadalupe Island",
"NA-180", "Stann Creek / Toledo District group",
"NA-181", "British Columbia Province (Estevan Group)",
"NA-182", "NWT (Inuvik Region) East group",
"NA-183", "Guerrero State group",
"NA-184", "California State North (Del Norte to Mendocino County) group",
"NA-185", "Nunavut (Keewatin Region) group",
"NA-186", "Nunavut (Hudson Bay - Manitoba Coast) group",
"NA-187", "California State Centre (Monterey / San Luis Obispo County) group",
"NA-188", "Oaxaca State group",
"NA-189", "Nayarit / Jalisco State group",
"NA-190", "El Salvador group",
"NA-191", "Guanacaste Province group",
"NA-192", "NWT (Inuvik Region) West group",
"NA-193", "Yukon Territory group",
"NA-194", "Newfoundland Province (Labrador) North group",
"NA-195", "Nunavut (Hudson Bay - Quebec Coast) Centre group",
"NA-196", "Nunavut (Belcher Islands) group",
"NA-197", "Kenai Peninsula County group",
"NA-198", "Newfoundland's Coastal Islands",
"NA-199", "St Martin's Coastal Islands",
"NA-200", "Quintana Roo State South group",
"NA-201", "Ciego de Avila / Camaguey Province South group",
"NA-202", "Colon / Veraguas North Province group",
"NA-203", "Los Santos / Herrera / Cocle Province group",
"NA-204", "Matanzas / Villa Clara / Sancti Spiritus Province group",
"NA-205", "Newfoundland Province (Labrador) Centre group",
"NA-206", "Barren Islands",
"NA-207", "Nunavut (Hudson Bay - Ontario Coast) South group",
"NA-208", "Nunavut (Kitikmeot Region) East group",
"NA-209", "Caribbean Sea Coast South group",
"NA-210", "Nome County Centre group",
"NA-211", "Oregon State group",
"NA-212", "Pacific Ocean Coast group",
"NA-213", "Alabama State group",
"NA-214", "Nome County South group",
"NA-215", "Northwest Arctic County group",
"NA-216", "Northern Alaska Peninsula West group",
"NA-217", "New Hampshire State group",
"NA-218", "Las Tunas / Holguin / Santiago de Cuba Province group",
"NA-219", "Cay Sal Bank Cays",
"NA-220", "Greenland's Coastal Islands South West",
"NA-221", "Veracruz State North group",
"NA-222", "Southern Alaska Peninsula West group",
"NA-223", "Gracias a Dios Department group",
"NA-224", "Veracruz State South group",
"NA-225", "Nunavut (Prince of Wales and Somerset Islands) group",
"NA-226", "Colima / Michoacan State group",
"NA-227", "Nunavut (Kitikmeot Region) West group",
"NA-228", "Caribbean Sea Coast North group",
"NA-229", "Nunavut (Hudson Bay - Quebec Coast) North East group",
"NA-230", "Nunavut (Ottawa Islands) group",
"NA-231", "Nunavut (Hudson Bay - Ontario Coast) North group",
"NA-232", "St Matthew Island",
"NA-233", "Delarof Islands",
"NA-234", "Islands of Four Mountains",
"NA-235", "Semidi Islands",
"NA-236", "Sanak Islands",
"NA-237", "Southern Alaska Peninsula East group",
"NA-238", "Southern Alaska Peninsula Centre group",
"NA-239", "Northern Alaska Peninsula East group",
"NA-240", "Bethel County group",
"NA-241", "Wade-Hampton County group",
"NA-242", "North Slope County West group",
"NA-243", "Greenland's Coastal Islands North East group",
"NA-244", "Marias Islands",
"NA-245", "Rocas Alijos Islands",
"NA-246", "Tamaulipas State Group",
"NA-247", "St. Maarten’s Coastal Islands",
"NA-248", "Nunavut (Devon) Island (Melville Island group)",
"OC-001", "Australia",
"OC-002", "Christmas Island",
"OC-003", "Cocos (Keeling) Islands",
"OC-004", "Lord Howe Island",
"OC-005", "Norfolk Island",
"OC-006", "Tasmania",
"OC-007", "Willis Islands",
"OC-008", "Bismarck Archipelago",
"OC-009", "Palau Islands",
"OC-010", "Pohnpei Islands",
"OC-011", "Chuuk Islands",
"OC-012", "Yap Islands",
"OC-013", "Rarotonga Island",
"OC-014", "Manihiki Atoll",
"OC-015", "Tuvalu Islands",
"OC-016", "Viti Levu and Vanua Levu group",
"OC-017", "Gilbert Islands",
"OC-018", "Banaba Island",
"OC-019", "Hawaiian Islands",
"OC-020", "Kure Atoll",
"OC-021", "Java Island",
"OC-022", "Bali Island",
"OC-023", "Johnston Atoll",
"OC-024", "Kiritimati Island (aka Christmas Island)",
"OC-025", "Admiralty Islands",
"OC-026", "Guam Island",
"OC-027", "Marquesas Islands",
"OC-028", "Ralik Chain",
"OC-029", "Ratak Chain",
"OC-030", "Midway Islands",
"OC-031", "Nauru",
"OC-032", "New Caledonia Island",
"OC-033", "Loyalty Islands",
"OC-034", "New Guinea (Papua New Guinea / Indonesia Irian Jaya)",
"OC-035", "New Hebrides",
"OC-036", "North Island",
"OC-037", "Campbell Island",
"OC-038", "Chatham Islands",
"OC-039", "Kermadec Islands",
"OC-040", "Niue Island",
"OC-041", "Ninigo group",
"OC-042", "Luzon Island",
"OC-043", "Phoenix Islands",
"OC-044", "Pitcairn Island",
"OC-045", "Tutuila Island",
"OC-046", "Windward Islands",
"OC-047", "Solomon Islands",
"OC-048", "Tokelau Islands",
"OC-049", "Tongatapu group",
"OC-050", "Rurutu and Rimatara Islands",
"OC-051", "Rapa and Marotiri Islands",
"OC-052", "Duke of Gloucester Islands",
"OC-053", "Wake Island",
"OC-054", "Wallis Islands",
"OC-055", "French Frigate Shoals",
"OC-056", "Henderson Island",
"OC-057", "Maupihaa group",
"OC-058", "D'Entrecasteaux Reefs",
"OC-059", "Kosrae Island",
"OC-060", "Rotuma Island",
"OC-062", "Pukapuka Atoll",
"OC-063", "Gambier Islands",
"OC-064", "Vava'u group",
"OC-065", "Reef Islands (aka Swallow Islands)",
"OC-066", "Tuamotu Archipelago",
"OC-067", "Leeward Islands",
"OC-068", "Snares Islands",
"OC-069", "Lihir group",
"OC-070", "Seram group",
"OC-071", "Western Australia State (North Coast) West group",
"OC-072", "Mellish Reef",
"OC-073", "Minami Torishima",
"OC-074", "Auckland Islands",
"OC-075", "Riau Islands",
"OC-076", "Sula Islands",
"OC-077", "Manua Islands",
"OC-078", "Ulithi Atoll",
"OC-079", "Belep Islands",
"OC-080", "Suwarrow Atoll (aka Suvorov Atoll)",
"OC-081", "Jarvis Island",
"OC-082", "Penrhyn Atoll (aka Tongareva Atoll)",
"OC-083", "Aitutaki group",
"OC-084", "Tabuaeran and Teraina Islands (aka Fanning and Washington Islands)",
"OC-085", "Palmyra Atoll",
"OC-086", "Northern Mariana Islands",
"OC-087", "Enewetak Atoll (aka Eniwetok Atoll)",
"OC-088", "Borneo (East Malaysia / Brunei / Indonesia Kalimantan)",
"OC-089", "Baker and Howland Islands",
"OC-090", "Calamian group",
"OC-091", "Polillo Islands",
"OC-092", "Babuyan Islands",
"OC-093", "Batan Islands",
"OC-094", "Disappointment Islands",
"OC-095", "Lau group",
"OC-096", "Kingman Reef",
"OC-097", "Samoa Islands",
"OC-098", "Pukapuka Atoll (aka Danger Islands)",
"OC-099", "Tabar Islands",
"OC-100", "Nendo Island",
"OC-101", "Feni Islands",
"OC-102", "Tanga Islands",
"OC-103", "St Matthias group",
"OC-104", "Banks Islands",
"OC-105", "Cagayan de Sulu group",
"OC-106", "Natuna Besar Islands",
"OC-107", "Lingga Islands",
"OC-108", "Anambas Islands",
"OC-109", "Natuna Selatan Islands (aka Subi Besar Islands)",
"OC-110", "Torres Islands",
"OC-111", "Shepherd Islands",
"OC-112", "Conway Reef",
"OC-113", "Actaeon group",
"OC-114", "Raivavae Island",
"OC-115", "Trobriand Islands",
"OC-116", "D'Entrecasteaux Islands",
"OC-117", "Louisiade Archipelago",
"OC-118", "Hoorn Islands",
"OC-119", "Jolo group",
"OC-120", "Cuyo Islands",
"OC-121", "Mamanuca group (aka Mamanutha)",
"OC-122", "Tambelan Islands",
"OC-123", "Niuafo'ou Island",
"OC-124", "Palmerston Atoll",
"OC-125", "Semirara Islands",
"OC-126", "Lubang Islands",
"OC-127", "Rennell Island",
"OC-128", "Palawan Island",
"OC-129", "Visayan Islands",
"OC-130", "Mindanao Island",
"OC-131", "King George Islands",
"OC-132", "East Yap group",
"OC-133", "Sabah's Coastal Islands",
"OC-134", "South Island",
"OC-135", "Solomon Islands",
"OC-136", "Victoria State Centre group",
"OC-137", "Queensland State (South Coast) South group",
"OC-138", "Queensland State (Torres Strait) group",
"OC-139", "South Australia State East Centre group",
"OC-140", "Western Australia State (N.W. Coast) West group",
"OC-141", "Northern Territory (Gulf of Carpentaria) North group",
"OC-142", "Queensland State (South Coast) Centre group",
"OC-143", "Sumatra Island",
"OC-144", "Bangka and Belitung Islands",
"OC-145", "Halmahera group",
"OC-146", "Celebes Island",
"OC-147", "Irian Jaya's Coastal Islands North",
"OC-148", "Timor Island",
"OC-149", "New Georgia Islands",
"OC-150", "Tenggara Barat Islands",
"OC-151", "Tenggara Timur Islands",
"OC-152", "Tubuai Island",
"OC-153", "Papua New Guinea's Coastal Islands South",
"OC-154", "Western Australia State (North Coast) East group",
"OC-155", "West Chuuk group",
"OC-156", "Yasawa group",
"OC-157", "Banda Islands",
"OC-158", "Florida Islands",
"OC-159", "Mangaia Island",
"OC-160", "Queensland State (South Coast) North group",
"OC-161", "Nias and Batu Islands",
"OC-162", "Shortland Islands",
"OC-163", "Vanikolo and Utupua Islands",
"OC-164", "Western Australia State (S.W. Coast) South group",
"OC-165", "Sarawak's Coastal Islands",
"OC-166", "Kalimantan's Coastal Islands East",
"OC-167", "Kapingamarangi Atoll",
"OC-168", "Russell Islands",
"OC-169", "Ha'apai Group",
"OC-170", "Western Australia State (South Coast) East Centre group",
"OC-171", "Queensland State (North Coast) South group",
"OC-172", "Queensland State (North Coast) Centre group",
"OC-173", "Northern Territory (Arafura Sea Coast) West group",
"OC-174", "Tawi Tawi group",
"OC-175", "Sarangani Islands",
"OC-176", "Chesterfield Islands",
"OC-177", "Seribu Islands",
"OC-178", "Tikopia and Anuta Islands",
"OC-179", "Duff Islands",
"OC-180", "Ngulu Atoll",
"OC-181", "Witu Islands",
"OC-182", "Ducie Island",
"OC-183", "Western Australia State (S.W. Coast) Centre group",
"OC-184", "Brunei's Coastal Islands",
"OC-185", "Northern Territory (Arafura Sea Coast) East group",
"OC-186", "Karimunjawa Islands",
"OC-187", "Queensland State (North Coast) North group",
"OC-188", "Pangutaran group",
"OC-189", "Ringgold Islands",
"OC-190", "Rose Atoll",
"OC-191", "Niuatoputapu Island",
"OC-192", "Ontong Java Atoll",
"OC-193", "Western Australia State (South Coast) West Centre group",
"OC-194", "New South Wales State North group",
"OC-195", "Furneaux Group",
"OC-196", "Victoria State East group",
"OC-197", "Bawean Island",
"OC-198", "Northern Territory (Gulf of Carpentaria) South group",
"OC-199", "Western Australia State (N.W. Coast) Centre group",
"OC-200", "Swains Island",
"OC-201", "North Island's Coastal Islands",
"OC-202", "Calagua Islands",
"OC-203", "South Island's Coastal Islands",
"OC-204", "Enggano Island",
"OC-205", "Woodlark group (aka Muyua group)",
"OC-206", "Western Australia State (S.W. Coast) North group",
"OC-207", "Cagayan Islands",
"OC-208", "Banggai Islands",
"OC-209", "Talaud Islands",
"OC-210", "Sangihe Islands",
"OC-211", "Houtman Abrolhos",
"OC-212", "New South Wales State Centre group",
"OC-213", "Togian Islands",
"OC-214", "Western Australia State (N.W. Coast) East group",
"OC-215", "Mentawai Islands",
"OC-216", "Ashmore and Cartier Islands",
"OC-217", "Kangean Islands",
"OC-218", "Matthew and Hunter Islands",
"OC-219", "Tukangbesi Islands",
"OC-220", "South Australia State West group",
"OC-221", "Kai Islands",
"OC-222", "Obi Islands",
"OC-223", "New South Wales State South group",
"OC-224", "Tanimbar Islands",
"OC-225", "Turtle Islands",
"OC-226", "Mwokil and Pingelap Atolls (aka Mokil and Pingelap Atolls)",
"OC-227", "Queensland State (Gulf of Carpentaria) South group",
"OC-228", "South Australia State East group",
"OC-229", "Northern Territory (Arafura Sea Coast) Centre group",
"OC-230", "Rowley Shoals",
"OC-231", "Green Islands",
"OC-232", "East Timor's Coastal Islands",
"OC-233", "Tasmania's Coastal Islands",
"OC-234", "Browse Island",
"OC-235", "Mindanao's Coastal Islands",
"OC-236", "Celebes's Coastal Islands",
"OC-237", "Java's Coastal Islands",
"OC-238", "Pukarua and Reao Atolls",
"OC-239", "Irian Jaya's Coastal Islands West",
"OC-240", "Papua New Guinea's Coastal Islands East",
"OC-241", "Timor Barat's Coastal Islands",
"OC-242", "Bonerate and Taka' Bonerate Islands",
"OC-243", "Western Australia State (South Coast) West group",
"OC-244", "Luzon's Coastal Islands",
"OC-245", "Sumatra's Coastal Islands North",
"OC-246", "Leti and Sermata Islands",
"OC-247", "Sabalana and Tengah Islands",
"OC-248", "South Palau group",
"OC-249", "Aru Islands",
"OC-250", "Masalembu Islands",
"OC-251", "Victoria State West group",
"OC-252", "Kalimantan's Coastal Islands West",
"OC-253", "Hall Islands",
"OC-254", "Mortlock Islands",
"OC-255", "Queensland State (Gulf of Carpentaria) North group",
"OC-256", "Kilinailau Islands (aka Tulun Islands)",
"OC-257", "Nuguria Islands",
"OC-258", "Papua New Guinea's Coastal Islands North",
"OC-259", "Nukuoro Atoll",
"OC-260", "Oroluk Atoll",
"OC-261", "South Australia State West Centre group",
"OC-262", "Sumatra's Coastal Islands South",
"OC-263", "Taongi Atoll (aka Bokaak Atoll)",
"OC-264", "Maria Island",
"OC-265", "Coral Sea Islands Territory South",
"OC-266", "Western Australia State (North Coast) Centre group",
"OC-267", "Coral Sea Islands Territory North",
"OC-268", "Laut Kecil Islands",
"OC-269", "Karimata Islands",
"OC-270", "Simeulue and Banyak Islands",
"OC-271", "Babar Islands",
"OC-272", "Barat Daya Islands",
"OC-273", "Gorong and Watubela Islands",
"OC-274", "Lucipara and Penyu Islands",
"OC-276", "Mapia Islands",
"OC-277", "Sorol Atoll",
"OC-278", "Ujelang Atoll",
"OC-279", "Malden Island",
"OC-280", "Starbuck Island",
"OC-281", "Caroline Island (aka Millennium Island)",
"OC-282", "Vostok and Flint Islands",
"OC-283", "Tauu Islands (aka Takuu Islands)",
"OC-284", "Nukumanu Islands",
"OC-285", "Stewart Islands (aka Sikaiana Atoll)",
"OC-286", "Antipodes Islands",
"OC-287", "Bounty Islands",
"OC-288", "Nihoa Island",
"OC-289", "Necker Island",
"OC-290", "Gardner Pinnacles",
"OC-291", "Laysan Island",
"OC-292", "Lisianski Island",
"OC-293", "Pearl and Hermes Atoll",
"OC-294", "Sandy Island",
"OC-295", "Sebatik Island",
"OC-296", "Tobi and Helen",
"SA-001", "Easter Island",
"SA-002", "Falkland Islands",
"SA-003", "Fernando De Noronha Archipelago",
"SA-004", "Galapagos",
"SA-005", "Juan Fernandez Archipelago",
"SA-006", "Bonaire & Curacao",
"SA-007", "Malpelo",
"SA-008", "Tierra del Fuego",
"SA-009", "Tobago",
"SA-010", "Trindade & Martim Vaz",
"SA-011", "Trinidad",
"SA-012", "Nueva Esparta State group",
"SA-013", "San Felix & San Ambrosio (aka Los Desventurados)",
"SA-014", "St.Peter & St.Paul Rocks",
"SA-015", "Los Monjes Archipelago",
"SA-016", "Maranhao State Centre group",
"SA-017", "Cauca / Valle Division group",
"SA-018", "Los Lagos Region South group",
"SA-019", "Abrolhos Archipelago",
"SA-020", "French Guiana group",
"SA-021", "Buenos Aires (Bahia Blanca) Province group",
"SA-022", "Buenos Aires (Bahia Anegada) Province group",
"SA-023", "Bahia State North group",
"SA-024", "Sao Paulo State West group",
"SA-025", "Piaui State group",
"SA-026", "Santa Catarina State Centre group",
"SA-027", "Santa Catarina State North group",
"SA-028", "Sao Paulo State East group",
"SA-029", "Rio De Janeiro State West group",
"SA-030", "San Jose / Montevideo / Canelones Dept group",
"SA-031", "Wollaston & Hermite Islands",
"SA-032", "Ultima Esperanza Province North group",
"SA-033", "Manabi Province group",
"SA-034", "Guayas / El Oro Province group",
"SA-035", "Los Roques Islands",
"SA-036", "Aruba",
"SA-037", "Blanquilla group",
"SA-038", "Atol Das Rocas",
"SA-039", "Maldonado / Rocha Department group",
"SA-040", "Bolivar / Atlantico Division group",
"SA-041", "Maranhao State West group",
"SA-042", "Para State West group",
"SA-043", "Aisen Region North group",
"SA-044", "La Tortuga",
"SA-045", "Amapa State group",
"SA-046", "Pernambuco State group",
"SA-047", "Parana State group",
"SA-048", "Sucre State East group",
"SA-049", "Tierra del Fuego's Coastal Islands",
"SA-050", "Antartica Chilena Province group",
"SA-051", "Las Aves Islands",
"SA-052", "Lima Department group",
"SA-053", "Aisen Region South group",
"SA-054", "Orchila Island",
"SA-055", "Buenos Aires (Delta Del Parana) Prov group",
"SA-056", "Esmeraldas Province group",
"SA-057", "Colonia Department group",
"SA-058", "Carabobo / Aragua / DF /Miranda State group",
"SA-059", "Los Testigos group",
"SA-060", "Para State East group",
"SA-061", "La Araucania Reg / Los Lagos Reg North group",
"SA-062", "Bahia State South group",
"SA-063", "Monagas / Delta Amacuro State group",
"SA-064", "Aisen Region Centre group",
"SA-065", "Chubut Province South group",
"SA-066", "Zulia State group",
"SA-067", "Espirito Santo State group",
"SA-068", "Guyana group",
"SA-069", "Antofagasta Region group",
"SA-070", "Bio-Bio Region group",
"SA-071", "Sao Paulo State Centre group",
"SA-072", "Maranhao State East group",
"SA-073", "Ica Department group",
"SA-074", "Ancash Department group",
"SA-075", "La Libertad Department group",
"SA-076", "Tumbes / Piura / Lambayeque Department group",
"SA-077", "Rio De Janeiro State East group",
"SA-078", "Cordoba / Sucre Division group",
"SA-079", "Rio De Janeiro State Centre group",
"SA-080", "Bahia State Centre group",
"SA-081", "Narino Division group",
"SA-082", "Magdalena / Guajira Division group",
"SA-083", "Salas y Gomez Island",
"SA-084", "Choco Division South group",
"SA-085", "Atacama Region group",
"SA-086", "Coquimbo / Valparaiso Region group",
"SA-087", "Santa Cruz Province North group",
"SA-088", "Santa Catarina State South group",
"SA-089", "Falcon State group",
"SA-090", "Anzoategui State / Sucre State west group",
"SA-091", "Magallanes Province group",
"SA-092", "Suriname group",
"SA-093", "Choco Division North / Antioquia Division group",
"SA-094", "Ultima Esperanza Province South group",
"SA-095", "O'Higgins / Maule region group",
"SA-096", "Chubut Province North group",
"SA-097", "Diego Ramirez Islands",
"SA-098", "Arequipa / Moquegua / Tacna Department group",
"SA-099", "Curacao",
"SA-100", "Arica and Parinacota/Tarapaca Region group"
